,file,explanation_group,priming_group,participant_number,final_accuracy,ai_agreement,n_na,n_wt,n_wmt,n_ut,n_ot,Prolific ID,time_taken,priming,user_accuracy,AI_knowledge,perceived_accuracy,perceived_domain_knowledge,switch_ratio,switch_not_ratio,total_trust,fai,com,rel
wo_0_0,explanations_wo/0_0.csv,wo,0,0,0.4666666666666667,0.6,7,0,1,5,2,5ec98e275583f34a98a9a956,279.0,False,0.6,"['NO', '']",0.6666666666666666,1,0.25,0.75,0.25,-0.2,0.75,0.3333333333333333
wo_0_1,explanations_wo/0_1.csv,wo,0,1,0.8,0.8,9,2,2,1,1,5fad5482f2e5c201d4a5cd76,878.0,False,0.7333333333333333,"['NO', '']",0.7333333333333333,0,0.5,0.5,-0.25,-1.0,0.25,0.3333333333333333
wo_0_3,explanations_wo/0_3.csv,wo,0,3,0.8666666666666667,0.7333333333333333,10,1,3,1,0,5962afc407ed5e0001cd0ff3,676.0,False,0.8,"['YES', 'Through ChatGPT', ' as well as discussions on Reddit']",0.8666666666666667,0,0.2,0.8,-0.6666666666666666,-1.0,-0.5,-0.3333333333333333
wo_0_4,explanations_wo/0_4.csv,wo,0,4,1.0,0.7333333333333333,10,1,4,0,0,5f5c0afb55bc9f3eced6f307,696.0,False,0.9333333333333333,"['YES', 'I am in a master of artificial inteligence engeenering']",0.8,1,0.2,0.8,0.0,-0.4,0.25,0.3333333333333333
wo_0_5,explanations_wo/0_5.csv,wo,0,5,0.8,0.8,8,3,2,1,1,616550455f8f691a658e06b0,982.0,False,0.6666666666666666,"['YES', 'I come into contact with ai in chat bots']",0.6,2,0.5714285714285714,0.42857142857142855,0.5833333333333334,0.8,0.5,0.3333333333333333
wo_0_6,explanations_wo/0_6.csv,wo,0,6,0.8666666666666667,0.7333333333333333,11,0,3,1,0,60f672ca5ca3b52915f16c9d,914.0,False,0.8666666666666667,"['YES', 'through daily usage of chatgpt']",0.0,2,0.0,1.0,2.0,2.0,2.0,2.0
wo_0_7,explanations_wo/0_7.csv,wo,0,7,0.4,0.4,4,1,2,7,1,5ed43a28cdb3800009289452,908.0,False,0.4,"['YES', 'I rely on some artificial intelligences to facilitate part of my work but always auditing the results.']",0.5333333333333333,-1,0.18181818181818182,0.8181818181818182,-0.5833333333333334,-1.2,0.0,-0.3333333333333333
wo_0_8,explanations_wo/0_8.csv,wo,0,8,0.5333333333333333,0.5333333333333333,7,1,2,5,0,60d4f7372e49dabf95b402c9,642.0,False,0.4666666666666667,"['YES', 'I have used chat GPT']",0.6666666666666666,2,0.125,0.875,-0.5833333333333334,-1.0,-0.25,-0.3333333333333333
wo_0_9,explanations_wo/0_9.csv,wo,0,9,0.8666666666666667,0.8666666666666667,11,1,2,0,1,64f786aff3781f17658fa6e6,1066.0,False,0.8666666666666667,"['YES', 'I have used chat gpt and photoshop ai']",0.8,0,0.5,0.5,-0.08333333333333333,-0.6,0.5,0.0
wo_0_10,explanations_wo/0_10.csv,wo,0,10,0.8,0.8,9,2,2,1,1,61730836c84847f3d50025c3,1184.0,False,0.7333333333333333,"['NO', '']",0.7333333333333333,2,0.5,0.5,0.08333333333333333,-0.4,0.0,1.0
wo_0_11,explanations_wo/0_11.csv,wo,0,11,0.7333333333333333,0.8666666666666667,9,3,1,1,1,60dd626e212aa26c16d953b7,682.0,False,0.6,"['YES', 'chatting mostly']",0.6666666666666666,1,0.6666666666666666,0.3333333333333333,0.25,-0.6,1.25,0.3333333333333333
wo_0_12,explanations_wo/0_12.csv,wo,0,12,0.4666666666666667,0.4666666666666667,7,0,2,6,0,5cea706c0afd6e0001a9e93e,457.0,False,0.4666666666666667,"['NO', '']",0.6,-1,0.0,1.0,-1.0833333333333333,-1.6,-1.0,-0.3333333333333333
wo_0_13,explanations_wo/0_13.csv,wo,0,13,0.7333333333333333,0.7333333333333333,11,0,2,2,0,5fa7f2d31418d35a96331337,1370.0,False,0.7333333333333333,"['YES', 'Well', ' theres one on my whatsapp.']",0.3333333333333333,0,0.0,1.0,-0.3333333333333333,-0.6,-0.25,0.0
wo_0_14,explanations_wo/0_14.csv,wo,0,14,0.8,0.8,6,6,2,1,0,5c3211cd24d16c00015b1095,584.0,False,0.4,"['YES', 'ChatGPT', ' more than one Ai images generators.']",0.5333333333333333,1,0.6666666666666666,0.3333333333333333,0.4166666666666667,0.2,0.75,0.3333333333333333
wo_0_15,explanations_wo/0_15.csv,wo,0,15,0.8666666666666667,0.7333333333333333,8,3,3,1,0,6470c22214cbf44b55d62116,1161.0,False,0.6666666666666666,"['YES', ""I'm studying Data Science and I took a course regarding AI""]",0.6,1,0.42857142857142855,0.5714285714285714,0.3333333333333333,0.4,0.25,0.3333333333333333
wo_0_16,explanations_wo/0_16.csv,wo,0,16,0.6666666666666666,0.8,10,2,1,2,0,6026942b12642b351e3cf8ac,808.0,False,0.5333333333333333,"['NO', '']",0.8666666666666667,1,0.4,0.6,-0.16666666666666666,-0.8,0.25,0.3333333333333333
wo_0_17,explanations_wo/0_17.csv,wo,0,17,0.7333333333333333,0.7333333333333333,10,1,2,2,0,604b6dc9936bbc8b4ac79b39,764.0,False,0.6666666666666666,"['YES', 'Internet']",0.6,1,0.2,0.8,0.16666666666666666,-0.2,0.5,0.3333333333333333
wo_0_18,explanations_wo/0_18.csv,wo,0,18,0.5333333333333333,0.6666666666666666,10,0,1,4,0,60c74e798ba19c7c43a9f8e3,238.0,False,0.5333333333333333,"['YES', 'I have used ChatGPT for writing emails']",0.6,2,0.0,1.0,1.25,1.0,1.5,1.3333333333333333
wo_0_19,explanations_wo/0_19.csv,wo,0,19,0.4666666666666667,0.4666666666666667,7,0,2,6,0,60fa8de06b4d98fa4621e303,406.0,False,0.4666666666666667,"['YES', 'Mostly with CHAT GPT']",0.5333333333333333,2,0.0,1.0,0.5833333333333334,-0.6,1.75,1.0
wo_0_20,explanations_wo/0_20.csv,wo,0,20,0.8,0.9333333333333333,13,0,1,0,1,60e703e4908998ebc5679e8a,676.0,False,0.8666666666666667,"['NO', '']",0.8,2,0.5,0.5,0.75,0.4,1.0,1.0
wo_0_21,explanations_wo/0_21.csv,wo,0,21,0.7333333333333333,0.8666666666666667,7,4,1,1,2,647233aad73dfe972057b786,478.0,False,0.6,"['NO', '']",0.4666666666666667,1,0.75,0.25,0.6666666666666666,0.8,1.0,0.0
wo_0_22,explanations_wo/0_22.csv,wo,0,22,0.8666666666666667,0.7333333333333333,11,0,3,1,0,61085764a061b0e293ca2ca1,503.0,False,0.8666666666666667,"['YES', 'I use chat gpt sometimes and have read about different types of AI.']",0.8666666666666667,2,0.0,1.0,0.0,-0.6,0.25,0.6666666666666666
wo_0_23,explanations_wo/0_23.csv,wo,0,23,0.6,0.7333333333333333,9,2,1,3,0,5e9efe26ffd5fe04e506d7f3,700.0,False,0.4666666666666667,"['NO', '']",0.6666666666666666,2,0.3333333333333333,0.6666666666666666,0.8333333333333334,0.2,1.5,1.0
wo_0_24,explanations_wo/0_24.csv,wo,0,24,0.6666666666666666,0.8,10,2,1,2,0,5ba400e988f5f40001c90843,597.0,False,0.5333333333333333,"['YES', 'I use open ai to help me with my job and personal affairs']",0.8666666666666667,1,0.4,0.6,0.8333333333333334,0.6,1.0,1.0
wo_0_25,explanations_wo/0_25.csv,wo,0,25,0.8,0.8,11,0,2,1,1,64711531b5aa9902447cca66,943.0,False,0.8666666666666667,"['YES', 'online course about AI at coursera']",0.8,-1,0.25,0.75,-0.25,-0.4,0.0,-0.3333333333333333
wo_0_26,explanations_wo/0_26.csv,wo,0,26,0.6666666666666666,0.9333333333333333,6,5,0,1,3,60e000b2f2c53b6e6063aae0,717.0,False,0.5333333333333333,"['YES', 'in my phone i normally use it for writing content']",0.4666666666666667,1,0.8888888888888888,0.1111111111111111,0.9166666666666666,0.6,1.0,1.3333333333333333
wo_0_27,explanations_wo/0_27.csv,wo,0,27,0.5333333333333333,0.4,5,1,3,6,0,60754e865cf819ee7dc88fe9,547.0,False,0.4666666666666667,"['YES', 'i work in IT sectory']",0.4666666666666667,1,0.1,0.9,0.0,-0.2,0.25,0.0
wo_0_30,explanations_wo/0_30.csv,wo,0,30,0.8666666666666667,0.8666666666666667,12,1,2,0,0,6163df3f316fdfd57f02e51f,551.0,False,0.8,"['YES', 'No i have not.']",0.6,2,0.3333333333333333,0.6666666666666666,0.5,0.4,0.5,0.6666666666666666
wo_0_33,explanations_wo/0_33.csv,wo,0,33,0.4666666666666667,0.6,9,0,1,5,0,61012d6d362a6eaa2ca78ebd,584.0,False,0.4666666666666667,"['YES', 'Through my university degree', ' the University of Johannesburg is leading AI Africa']",0.8,2,0.0,1.0,-0.25,-0.8,0.25,0.0
wo_0_34,explanations_wo/0_34.csv,wo,0,34,0.7333333333333333,0.7333333333333333,10,0,2,2,1,60183e25b4423c05ee0ee791,1464.0,False,0.8,"['NO', '']",0.6666666666666666,0,0.2,0.8,0.16666666666666666,-0.4,1.0,0.0
wo_0_35,explanations_wo/0_35.csv,wo,0,35,0.6,0.7333333333333333,10,1,1,3,0,615b1f23869e7176b1876013,2377.0,False,0.5333333333333333,"['YES', '']",0.2,0,0.2,0.8,0.4166666666666667,0.0,0.75,0.6666666666666666
wo_0_37,explanations_wo/0_37.csv,wo,0,37,0.6666666666666666,0.8,8,2,1,2,2,61198b15aede4ef58a2dda0a,1261.0,False,0.6666666666666666,"['NO', '']",0.6666666666666666,1,0.5714285714285714,0.42857142857142855,-0.75,-0.4,-1.0,-1.0
wo_0_38,explanations_wo/0_38.csv,wo,0,38,0.6666666666666666,0.8,8,4,1,2,0,5ee7623320e3d70288175df4,3660.0,False,0.4,"['YES', 'chatgpt']",0.6666666666666666,1,0.5714285714285714,0.42857142857142855,-0.16666666666666666,-0.8,0.0,0.6666666666666666
wo_0_39,explanations_wo/0_39.csv,wo,0,39,0.8666666666666667,0.7333333333333333,9,1,3,1,1,5c732f631388ff0001100e6d,2362.0,False,0.8666666666666667,"['YES', 'Through ChatGPT', ' in very basic ways in every day life.']",0.6666666666666666,1,0.3333333333333333,0.6666666666666666,0.5,0.6,0.25,0.6666666666666666
wo_0_40,explanations_wo/0_40.csv,wo,0,40,0.4,0.5333333333333333,8,0,1,6,0,5e90ac47f9c9d13bd8831182,313.0,False,0.4,"['YES', 'ChatGPT', ' PlaygroundAI']",0.0,-1,0.0,1.0,-1.0833333333333333,-1.2,-0.75,-1.3333333333333333
wo_0_41,explanations_wo/0_41.csv,wo,0,41,0.6666666666666666,0.6666666666666666,6,3,2,3,1,60b10621950e9a293c1e4f02,576.0,False,0.5333333333333333,"['YES', ""I used some to gather information about a subject i wasn't that sure about""]",0.4,0,0.4444444444444444,0.5555555555555556,0.4166666666666667,0.4,0.75,0.0
wo_0_42,explanations_wo/0_42.csv,wo,0,42,0.8,0.6666666666666666,9,1,3,2,0,64da55d88ceefa9ca105533a,800.0,False,0.7333333333333333,"['YES', 'Coding with ChatGPT assistance']",0.8666666666666667,1,0.16666666666666666,0.8333333333333334,1.25,0.8,1.75,1.3333333333333333
wo_0_43,explanations_wo/0_43.csv,wo,0,43,0.8,0.6666666666666666,10,0,3,2,0,5c21c61410140800013feb59,375.0,False,0.8,"['NO', '']",0.8,0,0.0,1.0,0.0,-0.2,0.25,0.0
wo_0_44,explanations_wo/0_44.csv,wo,0,44,0.7333333333333333,0.7333333333333333,9,1,2,2,1,60e0823c7d9d61e4de557b89,983.0,False,0.7333333333333333,"['NO', '']",0.5333333333333333,1,0.3333333333333333,0.6666666666666666,0.16666666666666666,-0.2,0.75,0.0
wo_0_45,explanations_wo/0_45.csv,wo,0,45,0.7333333333333333,1.0,9,5,0,0,1,611ffd0144ffab1ea63cd158,401.0,False,0.4666666666666667,"['YES', ""Through google's BARD AI and Stable Diffusion""]",1.0,0,1.0,0.0,0.5833333333333334,0.8,0.25,0.6666666666666666
wo_0_46,explanations_wo/0_46.csv,wo,0,46,0.8,0.8,10,1,2,1,1,60c7bbd398cd8aa3e0a0fbb4,1439.0,False,0.8,"['YES', 'At work']",0.5333333333333333,-1,0.4,0.6,-0.4166666666666667,-0.4,-0.75,0.0
wo_0_47,explanations_wo/0_47.csv,wo,0,47,0.6,0.8666666666666667,11,2,0,2,0,614f6fef4b3e9426163bde26,349.0,False,0.4666666666666667,"['YES', '-']",0.6666666666666666,0,0.5,0.5,-0.4166666666666667,-0.2,-0.5,-0.6666666666666666
wo_0_48,explanations_wo/0_48.csv,wo,0,48,0.8,0.6666666666666666,5,6,2,1,1,63ea41fa11c5dc532a6d17d6,249.0,False,0.4666666666666667,"['NO', '']",0.8,0,0.7,0.3,-0.75,-0.8,-0.75,-0.6666666666666666
wo_0_49,explanations_wo/0_49.csv,wo,0,49,0.6,0.6,8,1,2,4,0,5eaf5343e4812265ae537ab7,475.0,False,0.5333333333333333,"['YES', 'I used Chatgpt and other services in my workplace']",0.8,-1,0.14285714285714285,0.8571428571428571,0.0,-0.4,0.25,0.3333333333333333
wo_0_50,explanations_wo/0_50.csv,wo,0,50,0.8666666666666667,0.8666666666666667,9,3,2,0,1,611d289bb00d800e89ad1698,431.0,False,0.7333333333333333,"['YES', 'I am learning about how AI works (both supervised and unsupervised learning)']",0.6666666666666666,1,0.6666666666666666,0.3333333333333333,0.3333333333333333,0.6,0.0,0.3333333333333333
wo_0_51,explanations_wo/0_51.csv,wo,0,51,0.6,0.8666666666666667,10,1,0,2,2,60d3b726feef642a15b86870,534.0,False,0.6666666666666666,"['YES', 'i think it was pretty biased towards the older students here']",0.0,1,0.6,0.4,0.4166666666666667,0.8,0.5,-0.3333333333333333
wo_0_53,explanations_wo/0_53.csv,wo,0,53,0.7333333333333333,0.8666666666666667,10,2,1,1,1,5f4fca2d35293d0d87b7f323,574.0,False,0.6666666666666666,"['YES', 'mostly through ChatGPT']",0.7333333333333333,1,0.6,0.4,0.25,0.4,0.0,0.3333333333333333
wo_0_54,explanations_wo/0_54.csv,wo,0,54,0.6666666666666666,0.8,7,5,1,1,1,60f5e4873029115b42276a3b,685.0,False,0.4666666666666667,"['NO', '']",1.0,0,0.75,0.25,0.16666666666666666,0.0,0.25,0.3333333333333333
wo_0_55,explanations_wo/0_55.csv,wo,0,55,0.6666666666666666,0.7333333333333333,7,3,1,3,1,61225f246a12b5e2a1977ba9,1624.0,False,0.5333333333333333,"['YES', 'through the internet. CHATGPT']",0.6666666666666666,1,0.5,0.5,0.75,0.2,1.25,1.0
wo_0_56,explanations_wo/0_56.csv,wo,0,56,0.8,0.8,11,0,2,1,1,6172565eadc997827ec98b06,545.0,False,0.8666666666666667,"['YES', 'When I was writing some of my assignments or homeworks']",0.8666666666666667,1,0.25,0.75,0.08333333333333333,0.2,0.5,-0.6666666666666666
wo_0_57,explanations_wo/0_57.csv,wo,0,57,0.6666666666666666,0.6666666666666666,10,0,2,3,0,5bb7aae585ac1e000108c7f6,1101.0,False,0.6666666666666666,"['YES', 'I deal with this topic on a daily basis']",0.8666666666666667,1,0.0,1.0,0.16666666666666666,0.2,0.25,0.0
wo_0_58,explanations_wo/0_58.csv,wo,0,58,0.8,0.8,9,2,2,1,1,5b477fdb56e0140001ac7720,1332.0,False,0.7333333333333333,"['NO', '']",0.7333333333333333,1,0.5,0.5,0.6666666666666666,0.2,1.0,1.0
wo_0_59,explanations_wo/0_59.csv,wo,0,59,0.6666666666666666,0.8,6,4,1,2,2,615ab3f549c5edb35abf2ab2,671.0,False,0.5333333333333333,"['YES', 'I have been in contact with it through chatgpt']",0.5333333333333333,-1,0.6666666666666666,0.3333333333333333,0.08333333333333333,-0.4,0.25,0.6666666666666666
wo_0_60,explanations_wo/0_60.csv,wo,0,60,0.6666666666666666,0.9333333333333333,9,2,0,1,3,6153970bf6f5b4c470777d24,835.0,False,0.7333333333333333,"['YES', 'Used it as a research tool.']",0.8,1,0.8333333333333334,0.16666666666666666,0.5,0.4,0.5,0.6666666666666666
wo_0_61,explanations_wo/0_61.csv,wo,0,61,0.8,0.8,11,0,2,1,1,611cec299bebb1fb6dcf388d,1595.0,False,0.8666666666666667,"['YES', 'NO']",0.6666666666666666,-2,0.25,0.75,0.0,0.0,0.0,0.0
wo_0_62,explanations_wo/0_62.csv,wo,0,62,0.6,0.7333333333333333,9,1,1,3,1,5da0a0ce117b92001465fa35,818.0,False,0.6,"['NO', '']",0.6666666666666666,1,0.3333333333333333,0.6666666666666666,0.08333333333333333,-0.2,0.25,0.3333333333333333
wo_0_64,explanations_wo/0_64.csv,wo,0,64,0.8,0.6666666666666666,10,0,3,2,0,5a607a7eac56240001544493,1160.0,False,0.8,"['YES', 'Work and media']",0.6666666666666666,1,0.0,1.0,0.9166666666666666,0.8,1.0,1.0
wo_0_65,explanations_wo/0_65.csv,wo,0,65,0.8,0.8,10,2,2,1,0,5f600669b846780f0fe45709,1118.0,False,0.6666666666666666,"['YES', 'Im mostly familiar and used AI chatbots and also i have visited Henn-na Hotel in japan which had AI robot receptionist in the past']",0.6,0,0.4,0.6,0.8333333333333334,0.4,1.25,1.0
wo_0_66,explanations_wo/0_66.csv,wo,0,66,0.6,0.6,9,0,2,4,0,5e5c1cbb7d7be93f7c60c82a,695.0,False,0.6,"['YES', 'internet']",0.6666666666666666,1,0.0,1.0,-0.08333333333333333,-0.8,0.25,0.6666666666666666
wo_0_67,explanations_wo/0_67.csv,wo,0,67,0.8,0.9333333333333333,11,2,1,0,1,613af1d83ec1a51d557b4dd2,543.0,False,0.7333333333333333,"['YES', 'Chat  GPT', ' Mildjourney', ' etc.']",0.8,0,0.75,0.25,0.25,-0.4,1.0,0.3333333333333333
wo_0_68,explanations_wo/0_68.csv,wo,0,68,0.7333333333333333,0.6,9,0,3,3,0,605b8f5474e38d32c80f8f40,2919.0,False,0.7333333333333333,"['YES', 'Through social media and engines like ChatGPT.']",0.5333333333333333,1,0.0,1.0,-0.25,-1.0,0.25,0.3333333333333333
wo_0_69,explanations_wo/0_69.csv,wo,0,69,0.9333333333333333,0.8,10,2,3,0,0,5ec3121e44969016a6c2ed3c,640.0,False,0.8,"['YES', ""I've used chatgpt and I'm a software engineer""]",0.8,0,0.4,0.6,0.0,0.2,0.0,-0.3333333333333333
wo_0_70,explanations_wo/0_70.csv,wo,0,70,0.8,0.8,10,2,2,1,0,5f95fdc2cb09494b31528d18,773.0,False,0.6666666666666666,"['YES', 'by the internet and other questionnaires that ive done']",0.6,2,0.4,0.6,0.8333333333333334,0.6,1.0,1.0
wo_0_71,explanations_wo/0_71.csv,wo,0,71,0.6,0.7333333333333333,7,3,1,3,1,6148fa16224d9a3182bb1871,827.0,False,0.4666666666666667,"['YES', ""BANK'S APPS""]",0.6666666666666666,2,0.5,0.5,1.25,1.0,1.5,1.3333333333333333
wo_0_72,explanations_wo/0_72.csv,wo,0,72,0.6666666666666666,0.6666666666666666,8,1,2,3,1,5dab49d0301492001858123d,669.0,False,0.6666666666666666,"['YES', 'Internet']",0.8,0,0.2857142857142857,0.7142857142857143,0.9166666666666666,0.8,1.0,1.0
wo_0_73,explanations_wo/0_73.csv,wo,0,73,0.9333333333333333,0.8,12,0,3,0,0,649db080a1d4b4abed660dcf,1081.0,False,0.9333333333333333,"['YES', 'ChatGPT basically', ' and some other like those AI that generates images.']",0.7333333333333333,2,0.0,1.0,0.16666666666666666,-0.4,0.5,0.6666666666666666
wo_0_74,explanations_wo/0_74.csv,wo,0,74,0.9333333333333333,0.8,12,0,3,0,0,55fb380977f33b0012cb1fc2,669.0,False,0.9333333333333333,"['YES', 'I have heard quite a lot of discussions among friends']",1.0,2,0.0,1.0,-0.75,-1.6,-0.5,0.3333333333333333
wo_0_75,explanations_wo/0_75.csv,wo,0,75,0.6,0.4666666666666667,4,3,3,5,0,612cdfbb6f79aacd20c2b2c6,602.0,False,0.4,"['YES', 'through research']",0.6,1,0.2727272727272727,0.7272727272727273,0.08333333333333333,-0.2,0.5,0.0
wo_0_76,explanations_wo/0_76.csv,wo,0,76,0.7333333333333333,0.6,9,0,3,3,0,613a9a5a92a1c84fc4e3fd07,793.0,False,0.7333333333333333,"['YES', 'through work', ' chat gpt']",0.6,2,0.0,1.0,-0.25,-0.6,0.0,0.0
wo_0_77,explanations_wo/0_77.csv,wo,0,77,0.6,0.6,8,1,2,4,0,646f5d6582c518ea378fd844,692.0,False,0.5333333333333333,"['NO', '']",0.6666666666666666,0,0.14285714285714285,0.8571428571428571,0.6666666666666666,0.2,1.0,1.0
wo_0_79,explanations_wo/0_79.csv,wo,0,79,0.6,0.7333333333333333,11,0,1,3,0,5efd288f7b26b816aa9b3ab2,654.0,False,0.6,"['NO', '']",0.8,0,0.0,1.0,-0.5,-0.8,-0.5,0.0
wo_0_80,explanations_wo/0_80.csv,wo,0,80,0.6,0.7333333333333333,11,0,1,3,0,615325dde7a4d7a78fa314b5,597.0,False,0.6,"['NO', '']",0.5333333333333333,1,0.0,1.0,0.9166666666666666,0.8,0.5,1.6666666666666667
wo_0_81,explanations_wo/0_81.csv,wo,0,81,0.7333333333333333,0.7333333333333333,9,2,2,2,0,60ef2e52a188d9859f92bb58,,False,0.6,"['YES', 'I have mostly come in contact with AI through content creation platforms and educational platforms such as chat gpt']",0.2,1,0.3333333333333333,0.6666666666666666,-0.25,-0.8,0.25,0.0
wo_1_0,explanations_wo/1_0.csv,wo,1,0,0.8,0.8,0,0,0,0,0,605da94ba47f45380a1c7d57,429.0,True,,"['YES', 'yes', ' by chatgpt']",0.6666666666666666,-1,0.0,0.0,0.16666666666666666,-0.2,0.5,0.3333333333333333
wo_1_1,explanations_wo/1_1.csv,wo,1,1,0.8,0.8,0,0,0,0,0,603ea08e7dc2aaf9eb6d9225,511.0,True,,"['YES', 'through exploration and school']",0.8,2,0.0,0.0,0.25,-0.4,1.0,0.3333333333333333
wo_1_2,explanations_wo/1_2.csv,wo,1,2,0.8,0.6666666666666666,0,0,0,0,0,5e6f58ba2649e051077d8988,800.0,True,,"['YES', 'It has been a big trend all over social media this year']",0.6,1,0.0,0.0,-0.75,-0.6,-0.75,-1.0
wo_1_4,explanations_wo/1_4.csv,wo,1,4,0.8,0.8,0,0,0,0,0,613aa40f1e0b69d1fb8e1774,950.0,True,,"['NO', '']",0.8,0,0.0,0.0,0.5,0.0,1.0,0.6666666666666666
wo_1_5,explanations_wo/1_5.csv,wo,1,5,0.6,0.6,0,0,0,0,0,5da1b94dbc285e001676e438,980.0,True,,"['YES', 'probably']",0.0,1,0.0,0.0,0.4166666666666667,0.2,0.75,0.3333333333333333
wo_1_6,explanations_wo/1_6.csv,wo,1,6,0.6666666666666666,0.8,0,0,0,0,0,60cb82b9065703e89e7211a0,481.0,True,,"['YES', 'used a lot of language models in college']",0.6666666666666666,0,0.0,0.0,0.4166666666666667,0.0,0.75,0.6666666666666666
wo_1_7,explanations_wo/1_7.csv,wo,1,7,0.8,0.6666666666666666,0,0,0,0,0,5fc7aa4fd06520000955403f,467.0,True,,"['YES', 'Yes', ' Chatgpt mostly']",0.8,2,0.0,0.0,0.4166666666666667,-0.2,1.0,0.6666666666666666
wo_1_8,explanations_wo/1_8.csv,wo,1,8,0.5333333333333333,0.5333333333333333,0,0,0,0,0,646262b20e27617617167a44,2109.0,True,,"['YES', 'by recommendation of friends']",0.8,1,0.0,0.0,0.5833333333333334,0.8,0.25,0.6666666666666666
wo_1_9,explanations_wo/1_9.csv,wo,1,9,0.7333333333333333,0.8666666666666667,0,0,0,0,0,642c63f27d35b896cfbc4976,1414.0,True,,"['YES', 'Mostly through Youtube videos']",0.6666666666666666,1,0.0,0.0,0.25,0.0,0.5,0.3333333333333333
wo_1_10,explanations_wo/1_10.csv,wo,1,10,0.6,0.7333333333333333,0,0,0,0,0,5e2ed530b023d54a78782c6c,1074.0,True,,"['YES', 'I used chatGPT']",0.6666666666666666,1,0.0,0.0,0.25,-0.2,0.25,1.0
wo_1_11,explanations_wo/1_11.csv,wo,1,11,0.5333333333333333,0.5333333333333333,0,0,0,0,0,6070c2f8aa9a08d466b86d5c,225.0,True,,"['NO', '']",0.7333333333333333,1,0.0,0.0,0.0,0.0,0.25,-0.3333333333333333
wo_1_13,explanations_wo/1_13.csv,wo,1,13,0.8,0.8,0,0,0,0,0,59845c414473ce00015b8fda,509.0,True,,"['YES', 'ChatGPT']",0.8,0,0.0,0.0,-0.08333333333333333,0.0,0.0,-0.3333333333333333
wo_1_14,explanations_wo/1_14.csv,wo,1,14,0.8,0.9333333333333333,0,0,0,0,0,601887e6bc28d51518e55393,442.0,True,,"['YES', 'i have been in contact with gpt chat']",0.6666666666666666,0,0.0,0.0,-0.08333333333333333,0.2,-0.5,0.0
wo_1_15,explanations_wo/1_15.csv,wo,1,15,0.8,0.6666666666666666,0,0,0,0,0,6159f4cfb6b9db3c322e8b66,360.0,True,,"['YES', 'ChatGPT']",0.3333333333333333,1,0.0,0.0,-0.08333333333333333,-0.8,0.5,0.3333333333333333
wo_1_16,explanations_wo/1_16.csv,wo,1,16,0.7333333333333333,0.4666666666666667,0,0,0,0,0,60ee913de67c56daf5e842a9,543.0,True,,"['NO', '']",0.6666666666666666,1,0.0,0.0,1.0833333333333333,1.2,1.25,0.6666666666666666
wo_1_17,explanations_wo/1_17.csv,wo,1,17,0.8,0.8,0,0,0,0,0,6151b616d2a8cac5c41d3899,1095.0,True,,"['YES', 'by using ai tools like chat gpt', ' ai image creation tools', ' chatbots']",0.8,1,0.0,0.0,0.75,0.0,1.5,1.0
wo_1_19,explanations_wo/1_19.csv,wo,1,19,0.8666666666666667,0.7333333333333333,0,0,0,0,0,616f8963206fe64de15981ac,2433.0,True,,"['NO', '']",0.6,1,0.0,0.0,0.16666666666666666,0.0,0.25,0.3333333333333333
wo_1_20,explanations_wo/1_20.csv,wo,1,20,0.7333333333333333,0.6,0,0,0,0,0,60871d7dcbf3bd9bf2c40be8,547.0,True,,"['NO', '']",0.2,0,0.0,0.0,0.25,-0.4,0.5,1.0
wo_1_21,explanations_wo/1_21.csv,wo,1,21,0.6,0.7333333333333333,0,0,0,0,0,5f12ab57b896bd212d80738f,508.0,True,,"['YES', ""Using LLM's and learning using CChat-GPT""]",0.6666666666666666,1,0.0,0.0,0.5,0.4,0.5,0.6666666666666666
wo_1_22,explanations_wo/1_22.csv,wo,1,22,0.7333333333333333,0.7333333333333333,0,0,0,0,0,60461af7a4a0a002d8084b73,333.0,True,,"['YES', 'With the various of program such as Copilot AI or Chat GBT']",0.8,1,0.0,0.0,0.6666666666666666,0.4,0.5,1.3333333333333333
wo_1_23,explanations_wo/1_23.csv,wo,1,23,0.6,0.6,0,0,0,0,0,5ef9b70e432ef80119d3d829,428.0,True,,"['YES', 'yes chatgpt']",0.7333333333333333,2,0.0,0.0,0.08333333333333333,-0.4,0.5,0.3333333333333333
wo_1_24,explanations_wo/1_24.csv,wo,1,24,0.7333333333333333,0.8666666666666667,0,0,0,0,0,6152c05b866a2622004014a5,442.0,True,,"['NO', '']",0.6666666666666666,1,0.0,0.0,0.75,0.4,1.5,0.3333333333333333
wo_1_25,explanations_wo/1_25.csv,wo,1,25,0.6,0.7333333333333333,0,0,0,0,0,60b9286250a2e03ad6993ba2,546.0,True,,"['YES', 'chat gpt']",0.5333333333333333,0,0.0,0.0,-0.25,-0.6,0.0,0.0
wo_1_26,explanations_wo/1_26.csv,wo,1,26,0.8666666666666667,0.7333333333333333,0,0,0,0,0,61657b7fc08306b12b722115,2750.0,True,,"['YES', 'Chatgpt']",0.8666666666666667,1,0.0,0.0,0.0,-0.6,0.25,0.6666666666666666
wo_1_27,explanations_wo/1_27.csv,wo,1,27,0.8,0.8,0,0,0,0,0,60563630dd344659e462b608,361.0,True,,"['YES', 'In University']",0.4,0,0.0,0.0,0.4166666666666667,0.0,0.75,0.6666666666666666
wo_1_28,explanations_wo/1_28.csv,wo,1,28,0.8666666666666667,0.7333333333333333,0,0,0,0,0,60d096244aeaf354bdff6c0f,1267.0,True,,"['YES', 'on the internet using Chat GPT and Leonardo AI']",0.6,1,0.0,0.0,-0.4166666666666667,-0.4,-0.75,0.0
wo_1_29,explanations_wo/1_29.csv,wo,1,29,0.7333333333333333,0.6,0,0,0,0,0,612fc461a76c1f0212fb3ac2,533.0,True,,"['YES', 'through chatgpt']",0.5333333333333333,1,0.0,0.0,-0.3333333333333333,-0.6,0.0,-0.3333333333333333
wo_1_30,explanations_wo/1_30.csv,wo,1,30,0.7333333333333333,0.6666666666666666,0,0,0,0,0,5ede13094e77400127b0d8ac,427.0,True,,"['YES', 'Chatgpt and Midjourney mainly']",0.6666666666666666,-2,0.0,0.0,0.3333333333333333,0.4,0.25,0.3333333333333333
wo_1_31,explanations_wo/1_31.csv,wo,1,31,0.8666666666666667,0.7333333333333333,0,0,0,0,0,61099ac709f3fab19ae2691c,1131.0,True,,"['YES', 'I use ChatGpt and Google Gard AI in a regular basis']",0.7333333333333333,1,0.0,0.0,0.5,-0.4,1.25,1.0
wo_1_32,explanations_wo/1_32.csv,wo,1,32,0.8,0.6666666666666666,0,0,0,0,0,5ec3e5be68bbf2081da1eba2,1194.0,True,,"['YES', 'I have not used an AI but I have seen many videos where they talk about it', ' or where they use it to make videos.']",0.8666666666666667,0,0.0,0.0,0.5,0.8,0.5,0.0
wo_1_33,explanations_wo/1_33.csv,wo,1,33,0.8,0.8,0,0,0,0,0,5f3dfadfbb8b7422fc293393,802.0,True,,"['YES', 'Mostly through ChatGPT and other online services']",0.8,-1,0.0,0.0,0.4166666666666667,-0.2,1.0,0.6666666666666666
wo_1_34,explanations_wo/1_34.csv,wo,1,34,0.8,0.6666666666666666,0,0,0,0,0,60ba101202b7fd117c0f3b94,970.0,True,,"['YES', 'I was playing ChatGPT already and other chatbots']",0.26666666666666666,2,0.0,0.0,-0.75,-1.0,-0.5,-0.6666666666666666
wo_1_35,explanations_wo/1_35.csv,wo,1,35,0.6,0.6,0,0,0,0,0,59e5a69916ecc200016fefdb,1000.0,True,,"['YES', 'I often use ChatGPT to know more about history and technology']",0.8,2,0.0,0.0,1.4166666666666667,1.2,1.5,1.6666666666666667
wo_1_36,explanations_wo/1_36.csv,wo,1,36,0.7333333333333333,1.0,0,0,0,0,0,61368e25579829532068a672,763.0,True,,"['YES', 'I use it at my day job']",0.8666666666666667,2,0.0,0.0,0.0,-0.6,0.5,0.3333333333333333
wo_1_37,explanations_wo/1_37.csv,wo,1,37,0.7333333333333333,0.7333333333333333,0,0,0,0,0,612b412e4d264d7211398586,1130.0,True,,"['NO', '']",0.6,-1,0.0,0.0,0.5833333333333334,-0.4,1.25,1.3333333333333333
wo_1_38,explanations_wo/1_38.csv,wo,1,38,0.6666666666666666,0.9333333333333333,0,0,0,0,0,60bfa9ff9f2ee1bbfd5ba245,3143.0,True,,"['NO', '13']",0.0,0,0.0,0.0,0.6666666666666666,0.4,0.75,1.0
wo_1_39,explanations_wo/1_39.csv,wo,1,39,0.5333333333333333,0.6666666666666666,0,0,0,0,0,63ef938aea545fb9bd19a591,823.0,True,,"['YES', 'Just with what i have used and looked at online']",0.6666666666666666,0,0.0,0.0,0.08333333333333333,-0.4,0.25,0.6666666666666666
wo_1_40,explanations_wo/1_40.csv,wo,1,40,0.6,0.6,0,0,0,0,0,60fd2e310eaf2c2293b80d02,397.0,True,,"['YES', 'ChatGPT']",0.5333333333333333,2,0.0,0.0,-1.0833333333333333,-1.8,-0.5,-0.6666666666666666
wo_1_41,explanations_wo/1_41.csv,wo,1,41,0.8666666666666667,0.7333333333333333,0,0,0,0,0,5e8dddaf3d1b57068b77b2f2,1225.0,True,,"['YES', 'ChatGPT']",0.6666666666666666,1,0.0,0.0,0.3333333333333333,-0.4,1.25,0.3333333333333333
wo_1_42,explanations_wo/1_42.csv,wo,1,42,0.7333333333333333,0.7333333333333333,0,0,0,0,0,64a98b13ace114b7fea31fe0,981.0,True,,"['YES', 'I have used different apps that include AI', ' like picture generator based on text and ChatGPT.']",0.8,1,0.0,0.0,-0.16666666666666666,-0.4,0.0,0.0
wo_1_43,explanations_wo/1_43.csv,wo,1,43,0.7333333333333333,0.6,0,0,0,0,0,5ea178d1c3a2440181b09d8c,400.0,True,,"['NO', '']",0.8,0,0.0,0.0,-1.0,-1.4,-0.75,-0.6666666666666666
wo_1_44,explanations_wo/1_44.csv,wo,1,44,0.8666666666666667,0.8666666666666667,0,0,0,0,0,5fc8fee1f884d731e085f8d1,608.0,True,,"['YES', 'Chat bots']",0.9333333333333333,0,0.0,0.0,-0.3333333333333333,-0.6,0.0,-0.3333333333333333
wo_1_45,explanations_wo/1_45.csv,wo,1,45,0.6666666666666666,0.6666666666666666,0,0,0,0,0,5d1f5c20aaa27b001954de31,420.0,True,,"['YES', 'chatgpt']",0.6666666666666666,1,0.0,0.0,0.75,0.8,0.5,1.0
wo_1_46,explanations_wo/1_46.csv,wo,1,46,0.7333333333333333,0.7333333333333333,0,0,0,0,0,60b694464e1bf8a267eb3ac9,1126.0,True,,"['NO', '']",0.6666666666666666,0,0.0,0.0,0.75,0.8,0.75,0.6666666666666666
wo_1_47,explanations_wo/1_47.csv,wo,1,47,0.7333333333333333,0.7333333333333333,0,0,0,0,0,5f3e95436fa4350dadcfbfeb,403.0,True,,"['YES', 'chatgpt']",0.6666666666666666,-1,0.0,0.0,-0.16666666666666666,-0.2,0.5,-1.0
wo_1_48,explanations_wo/1_48.csv,wo,1,48,0.7333333333333333,0.6,0,0,0,0,0,61036102a3f05e2ef6e4e3c6,458.0,True,,"['YES', 'ChatGPT']",0.2,1,0.0,0.0,-0.3333333333333333,-1.2,0.25,0.3333333333333333
wo_1_49,explanations_wo/1_49.csv,wo,1,49,0.9333333333333333,0.8,0,0,0,0,0,60a4127d4c901e993eb8360d,620.0,True,,"['NO', '']",0.6666666666666666,1,0.0,0.0,0.4166666666666667,-0.4,0.75,1.3333333333333333
wo_1_50,explanations_wo/1_50.csv,wo,1,50,0.7333333333333333,0.8666666666666667,0,0,0,0,0,5f7d15adb786431de4b8c433,582.0,True,,"['YES', 'ChatGPT', ' and using it from curiosity to explore and ask questions']",1.3333333333333333,2,0.0,0.0,1.25,1.0,1.75,1.0
wo_1_51,explanations_wo/1_51.csv,wo,1,51,0.7333333333333333,0.7333333333333333,0,0,0,0,0,60c37a1f0055557bf5c5723e,395.0,True,,"['YES', ""In my masters I'"", ' working with AI']",0.5333333333333333,1,0.0,0.0,1.0,1.0,1.0,1.0
wo_1_52,explanations_wo/1_52.csv,wo,1,52,0.7333333333333333,0.7333333333333333,0,0,0,0,0,60b8f65c08c495829d4eab84,343.0,True,,"['NO', '']",0.4,1,0.0,0.0,0.5,0.2,0.75,0.6666666666666666
wo_1_53,explanations_wo/1_53.csv,wo,1,53,0.4666666666666667,0.4666666666666667,0,0,0,0,0,6066e7ea9a055fbb18974846,355.0,True,,"['YES', 'Cortana', ' Siri', ' Alex', ' Google Assistant', ' Bing ', ' Microsoft Azure', ' Photoshop']",0.8666666666666667,1,0.0,0.0,-0.16666666666666666,-0.4,0.25,-0.3333333333333333
wo_1_54,explanations_wo/1_54.csv,wo,1,54,0.8,0.8,0,0,0,0,0,60a2d0f8a996c447692d4b73,663.0,True,,"['YES', ""I've built very simple DSSes based off some simple statistics"", ' and used ChatGPT and other LLM']",0.8,0,0.0,0.0,-0.5833333333333334,-1.0,0.0,-0.6666666666666666
wo_1_55,explanations_wo/1_55.csv,wo,1,55,0.8,0.8,0,0,0,0,0,61080e09dc39e58cfab904f9,537.0,True,,"['YES', 'I have used chat gpt before', ' but not professionally']",0.5333333333333333,2,0.0,0.0,0.4166666666666667,0.2,0.5,0.6666666666666666
wo_1_56,explanations_wo/1_56.csv,wo,1,56,0.9333333333333333,0.8,0,0,0,0,0,61242dd5be1a06b174975a1f,663.0,True,,"['YES', 'picture generator', ' chatbot']",0.8666666666666667,2,0.0,0.0,0.3333333333333333,-0.4,0.75,1.0
wo_1_57,explanations_wo/1_57.csv,wo,1,57,0.7333333333333333,0.8666666666666667,0,0,0,0,0,60f017cb6445630811c4bce1,536.0,True,,"['NO', '']",1.0,2,0.0,0.0,1.4166666666666667,1.0,1.75,1.6666666666666667
wo_1_58,explanations_wo/1_58.csv,wo,1,58,0.6,0.4666666666666667,0,0,0,0,0,60e86e7d9af2a95c482551c2,699.0,True,,"['YES', 'I have an AI on my snapchat']",0.3333333333333333,0,0.0,0.0,1.5833333333333333,1.4,1.75,1.6666666666666667
wo_1_59,explanations_wo/1_59.csv,wo,1,59,0.6,0.4666666666666667,0,0,0,0,0,60f280f58488d95840331513,1041.0,True,,"['YES', 'I practice to write motivational qoutes for my classmates']",0.3333333333333333,1,0.0,0.0,-0.08333333333333333,-1.0,0.5,0.6666666666666666
wo_1_60,explanations_wo/1_60.csv,wo,1,60,0.8,0.6,0,0,0,0,0,6148619a82570cb41a0b8b32,728.0,True,,"['YES', 'On many of the platforms I use for video editing and image editing']",1.0,2,0.0,0.0,0.8333333333333334,0.0,1.5,1.3333333333333333
wo_1_61,explanations_wo/1_61.csv,wo,1,61,0.9333333333333333,0.8,0,0,0,0,0,616974762762875ab2c0da5e,1435.0,True,,"['YES', 'The use of chatGBT and microsoft bing.']",0.8666666666666667,1,0.0,0.0,0.08333333333333333,-0.6,1.0,0.0
wo_1_63,explanations_wo/1_63.csv,wo,1,63,0.7333333333333333,0.6,0,0,0,0,0,6130fbdcf112f58c0bd7fd7e,1177.0,True,,"['YES', 'At work']",0.7333333333333333,2,0.0,0.0,0.75,0.4,1.0,1.0
wo_1_64,explanations_wo/1_64.csv,wo,1,64,0.7333333333333333,1.0,0,0,0,0,0,6126c02e2dc530e0738d0043,1130.0,True,,"['YES', 'I use ChatGPT']",0.7333333333333333,1,0.0,0.0,0.6666666666666666,0.4,1.0,0.6666666666666666
wo_1_65,explanations_wo/1_65.csv,wo,1,65,0.4666666666666667,0.3333333333333333,0,0,0,0,0,64098d74981b0b9242e435f8,165.0,True,,"['YES', 'Different testing methods at work.']",0.5333333333333333,1,0.0,0.0,0.5,1.0,0.0,0.3333333333333333
wo_1_66,explanations_wo/1_66.csv,wo,1,66,0.7333333333333333,0.6,0,0,0,0,0,5db9fbd20fbd8b05db2aa3ed,866.0,True,,"['YES', 'chat GPT for example or With robots']",0.6,1,0.0,0.0,0.25,0.6,-0.25,0.3333333333333333
wo_1_67,explanations_wo/1_67.csv,wo,1,67,0.8666666666666667,0.6,0,0,0,0,0,5eb6a07c52ea805a805893c2,409.0,True,,"['YES', 'yes']",0.8,1,0.0,0.0,-0.25,-0.8,0.25,0.0
wo_1_68,explanations_wo/1_68.csv,wo,1,68,0.8666666666666667,0.7333333333333333,0,0,0,0,0,5eb4caf87d21343455841f55,1025.0,True,,"['NO', '']",0.8,1,0.0,0.0,-0.5833333333333334,-0.4,-0.5,-1.0
wo_1_69,explanations_wo/1_69.csv,wo,1,69,0.8666666666666667,0.7333333333333333,0,0,0,0,0,612684c6d2cef3acadf5d77b,717.0,True,,"['YES', 'chat gpt']",0.7333333333333333,2,0.0,0.0,-0.08333333333333333,-0.6,0.75,-0.3333333333333333
wo_1_70,explanations_wo/1_70.csv,wo,1,70,0.6,0.6,0,0,0,0,0,5c9a59baa32382000162ecc3,604.0,True,,"['YES', 'My first AI contact is by ChatGPT search function.']",0.26666666666666666,1,0.0,0.0,0.0,-0.4,0.75,-0.3333333333333333
wo_1_71,explanations_wo/1_71.csv,wo,1,71,0.8666666666666667,0.8666666666666667,0,0,0,0,0,61428986257808bc16da05c6,513.0,True,,"['NO', '']",0.7333333333333333,2,0.0,0.0,-0.08333333333333333,-0.4,0.0,0.3333333333333333
wo_1_72,explanations_wo/1_72.csv,wo,1,72,0.8666666666666667,0.8666666666666667,0,0,0,0,0,63d1669890385864068c055c,529.0,True,,"['YES', 'ChatGPT', ' Google Bard']",0.8,1,0.0,0.0,-0.08333333333333333,-0.8,0.75,0.0
wo_1_73,explanations_wo/1_73.csv,wo,1,73,0.8666666666666667,0.7333333333333333,0,0,0,0,0,5e45ad5adb671e0952ec6b86,781.0,True,,"['YES', 'I use AI to assist me in organization']",0.8666666666666667,1,0.0,0.0,0.6666666666666666,0.6,0.75,0.6666666666666666
wo_1_74,explanations_wo/1_74.csv,wo,1,74,0.8,0.6666666666666666,0,0,0,0,0,5f8eb8a163e74b040ee1e9a2,397.0,True,,"['NO', '']",0.6666666666666666,-1,0.0,0.0,0.4166666666666667,0.4,0.75,0.0
wo_1_75,explanations_wo/1_75.csv,wo,1,75,0.8,0.8,0,0,0,0,0,5e3f0bbe9907e915e0179f44,579.0,True,,"['NO', '']",0.8,1,0.0,0.0,0.5,0.2,0.5,1.0
wo_1_76,explanations_wo/1_76.csv,wo,1,76,0.8,0.6666666666666666,0,0,0,0,0,64f8de7d9dd1314e28166482,1032.0,True,,"['YES', 'Through ChatGPT and Bing']",0.9333333333333333,1,0.0,0.0,-0.8333333333333334,-1.6,-0.25,-0.3333333333333333
wo_1_77,explanations_wo/1_77.csv,wo,1,77,0.8,0.8,0,0,0,0,0,5ded597631a7e041af9f61fa,877.0,True,,"['YES', ""i've used chatgpt"", ' bard and image ai generated']",1.0,1,0.0,0.0,0.5,0.2,0.5,1.0
wo_1_78,explanations_wo/1_78.csv,wo,1,78,0.8,0.8,0,0,0,0,0,62fc1e43ac7f83d378556037,406.0,True,,"['NO', '']",0.6666666666666666,0,0.0,0.0,0.25,-0.6,1.0,0.6666666666666666
wo_1_79,explanations_wo/1_79.csv,wo,1,79,0.8666666666666667,0.7333333333333333,0,0,0,0,0,610912e6bc93ba041e120f17,940.0,True,,"['YES', 'I have used AI to generate answers to some of the questions that I have and I have also used it for school and work purposes.']",0.7333333333333333,0,0.0,0.0,0.3333333333333333,-0.4,0.75,1.0
wo_1_80,explanations_wo/1_80.csv,wo,1,80,0.8,0.6666666666666666,0,0,0,0,0,61635d1afa38f65a8ce24035,528.0,True,,"['NO', '']",0.6666666666666666,0,0.0,0.0,0.6666666666666666,0.6,1.0,0.3333333333333333
wo_1_81,explanations_wo/1_81.csv,wo,1,81,0.8,0.8,0,0,0,0,0,5f5809a4352ec4366bb451ef,2705.0,True,,"['YES', 'Mainly ChatGPT and AI image generators']",0.7333333333333333,0,0.0,0.0,0.4166666666666667,0.6,0.5,0.0
w_0_0,explanations_w/0_0.csv,w,0,0,0.8,0.8,6,4,2,1,2,5fa4faf94527261b54915c03,,False,0.6666666666666666,"['YES', 'Google']",1.0,0,0.6666666666666666,0.3333333333333333,0.08333333333333333,0.4,-0.5,0.3333333333333333
w_0_1,explanations_w/0_1.csv,w,0,1,0.6666666666666666,0.6666666666666666,8,2,2,3,0,5d1dbc03a6927000014544a8,,False,0.5333333333333333,"['YES', 'chatGPT']",0.6666666666666666,1,0.2857142857142857,0.7142857142857143,-0.16666666666666666,-1.0,0.5,0.3333333333333333
w_0_3,explanations_w/0_3.csv,w,0,3,0.6666666666666666,0.8,8,2,1,2,2,611bf41079ffca32db5a3080,,False,0.6666666666666666,"['YES', 'i frequently use it at my workplace.']",0.8666666666666667,0,0.5714285714285714,0.42857142857142855,0.75,0.2,1.5,0.6666666666666666
w_0_4,explanations_w/0_4.csv,w,0,4,0.5333333333333333,0.8,10,1,0,1,3,6053716ac1260f765fa7599a,,False,0.8,"['NO', '']",0.3333333333333333,1,0.8,0.2,0.9166666666666666,1.0,1.0,0.6666666666666666
w_0_5,explanations_w/0_5.csv,w,0,5,0.6,0.7333333333333333,9,2,1,3,0,6148baf1d5974f3958c332d2,,False,0.4666666666666667,"['NO', '']",0.6,2,0.3333333333333333,0.6666666666666666,-0.5,-1.0,-0.25,0.0
w_0_6,explanations_w/0_6.csv,w,0,6,0.7333333333333333,0.7333333333333333,11,0,2,2,0,5bd4944a72eb1f0001efb198,,False,0.7333333333333333,"['YES', 'I used chatgpt a lot', ' as well of other ai tools', ' like stable diffusion']",0.0,1,0.0,1.0,-1.5,-1.8,-1.0,-1.6666666666666667
w_0_7,explanations_w/0_7.csv,w,0,7,0.7333333333333333,0.6,7,2,3,3,0,6128da24dd2b6292c122edb3,,False,0.6,"['YES', 'On a daily basis we use AI in life', ' in general now a days there is AI in almost every platform to some degree']",0.2,2,0.25,0.75,0.3333333333333333,0.0,1.0,0.0
w_0_9,explanations_w/0_9.csv,w,0,9,0.8,0.8,10,2,2,1,0,5b366ffa06f9f90001fb4f41,,False,0.6666666666666666,"['YES', 'I sometimes used it in excel analysis to my projects']",0.8,1,0.4,0.6,1.0,0.4,1.5,1.3333333333333333
w_0_10,explanations_w/0_10.csv,w,0,10,0.8,0.8,10,2,2,1,0,6036c14ba255f8279fd49cf8,,False,0.6666666666666666,"['YES', 'Using it for marketing at my job']",0.8,1,0.4,0.6,0.9166666666666666,0.8,1.0,1.0
w_0_11,explanations_w/0_11.csv,w,0,11,0.6666666666666666,0.9333333333333333,7,5,0,1,2,5d6e457c3e7e82001b2e8558,,False,0.4666666666666667,"['NO', '']",0.4666666666666667,-1,0.875,0.125,0.5833333333333334,0.8,0.5,0.3333333333333333
w_0_12,explanations_w/0_12.csv,w,0,12,0.8,0.7333333333333333,9,2,2,2,0,5c6ed5ea21a3560001bd3758,,False,0.6666666666666666,"['YES', 'Day to day mostly. Ai image generation and text generation. Ai generated news articles and article summaries. AI introduction in university subjects.']",0.8666666666666667,-1,0.3333333333333333,0.6666666666666666,-0.5,-0.8,-0.5,0.0
w_0_13,explanations_w/0_13.csv,w,0,13,0.6666666666666666,0.8,8,2,1,2,2,5e6c75d44b1e3722e888c075,,False,0.6666666666666666,"['YES', 'Light usage of chatbots and image generation.']",0.4,-1,0.5714285714285714,0.42857142857142855,0.08333333333333333,0.2,0.0,0.0
w_0_14,explanations_w/0_14.csv,w,0,14,0.6666666666666666,0.8,8,2,1,2,2,64ee0dda3d74a530eec9e556,,False,0.6666666666666666,"['YES', 'I know chatGBT']",0.6666666666666666,1,0.5714285714285714,0.42857142857142855,0.6666666666666666,0.6,0.75,0.6666666666666666
w_0_15,explanations_w/0_15.csv,w,0,15,0.8,0.8,8,3,2,1,1,60dc321b732fa66d86a17b7b,,False,0.6666666666666666,"['NO', '']",0.8,1,0.5714285714285714,0.42857142857142855,0.8333333333333334,0.6,1.0,1.0
w_0_16,explanations_w/0_16.csv,w,0,16,0.6,0.6,7,1,2,4,1,612b5ed8c3b1fcb978aad0a8,,False,0.6,"['YES', 'yes']",0.3333333333333333,0,0.25,0.75,-0.08333333333333333,-0.2,-0.25,0.3333333333333333
w_0_17,explanations_w/0_17.csv,w,0,17,0.8666666666666667,0.8666666666666667,13,0,2,0,0,614d6d63ffaa9be82c464151,,False,0.8666666666666667,"['YES', 'Chatting with AI and using AI to do researches.']",1.0,1,0.0,1.0,0.5833333333333334,0.0,1.0,1.0
w_0_18,explanations_w/0_18.csv,w,0,18,0.7333333333333333,1.0,9,3,0,0,3,6170156ad4205a936a1a4773,,False,0.7333333333333333,"['YES', 'Tech store when I go for shopping']",0.6,1,1.0,0.0,0.25,-0.8,1.0,1.0
w_0_20,explanations_w/0_20.csv,w,0,20,0.8666666666666667,0.8666666666666667,12,0,2,0,1,60c620563db55cd06f3772fa,,False,0.9333333333333333,"['YES', 'Through search engines', ' and social media apps']",0.8666666666666667,0,0.3333333333333333,0.6666666666666666,0.75,0.8,0.75,0.6666666666666666
w_0_22,explanations_w/0_22.csv,w,0,22,0.8,0.8,8,3,2,1,1,5ea75e1b76be5a12b5b86e50,,False,0.6666666666666666,"['NO', '']",1.0,0,0.5714285714285714,0.42857142857142855,-0.08333333333333333,-0.2,0.0,0.0
w_0_23,explanations_w/0_23.csv,w,0,23,0.8,0.8,10,1,2,1,1,5bae499686294e0001234c64,,False,0.8,"['YES', 'I regularly use ChatGPT and Tortoise TTS.']",0.8666666666666667,2,0.4,0.6,0.08333333333333333,0.2,-0.25,0.3333333333333333
w_0_24,explanations_w/0_24.csv,w,0,24,0.6666666666666666,0.7333333333333333,11,0,1,3,0,5c50a6869963920001a8bfb3,,False,0.6666666666666666,"['NO', '']",0.6666666666666666,1,0.0,1.0,0.75,1.0,0.75,0.3333333333333333
w_0_25,explanations_w/0_25.csv,w,0,25,0.6666666666666666,0.6666666666666666,8,1,2,3,1,5fad8a604de8f00e3bc3d5c1,,False,0.6666666666666666,"['YES', ""I've read an articale""]",0.6666666666666666,1,0.2857142857142857,0.7142857142857143,0.75,0.6,1.0,0.6666666666666666
w_0_26,explanations_w/0_26.csv,w,0,26,0.6,0.6,6,1,2,4,2,5f043bcfc6d8de66dd56c9a2,,False,0.6666666666666666,"['NO', '']",0.6666666666666666,1,0.3333333333333333,0.6666666666666666,0.5,0.6,0.25,0.6666666666666666
w_0_27,explanations_w/0_27.csv,w,0,27,0.6,0.7333333333333333,7,3,1,3,1,60e5ae1dabf4db8c1de4c2c4,,False,0.4666666666666667,"['YES', 'Through Data analysis']",1.0,1,0.5,0.5,0.6666666666666666,0.8,0.5,0.6666666666666666
w_0_28,explanations_w/0_28.csv,w,0,28,0.8,0.8,9,1,2,1,2,5c2b3e5c2c45d4000149eaa9,,False,0.8666666666666667,"['YES', 'by hearsay']",0.3333333333333333,0,0.5,0.5,0.16666666666666666,0.4,-0.25,0.3333333333333333
w_0_29,explanations_w/0_29.csv,w,0,29,0.8666666666666667,0.8666666666666667,11,1,2,0,1,615ae3c2462dcbab1d3af8d3,,False,0.8666666666666667,"['YES', ""I've read about it occasionally""]",0.6666666666666666,1,0.5,0.5,0.3333333333333333,0.6,0.25,0.0
w_0_30,explanations_w/0_30.csv,w,0,30,0.6,0.7333333333333333,7,4,1,3,0,5f914f1c52c29a01fedec698,,False,0.3333333333333333,"['NO', '']",0.6666666666666666,0,0.5,0.5,0.5833333333333334,0.8,0.0,1.0
w_0_31,explanations_w/0_31.csv,w,0,31,0.7333333333333333,0.7333333333333333,9,2,2,2,0,610bcdce335f24707a103e91,,False,0.6,"['NO', '']",0.26666666666666666,2,0.3333333333333333,0.6666666666666666,0.5833333333333334,0.6,0.5,0.6666666666666666
w_0_32,explanations_w/0_32.csv,w,0,32,0.8666666666666667,0.7333333333333333,11,0,3,1,0,5d6bd47c1d78d7001890555a,,False,0.8666666666666667,"['YES', 'I am using AI to work', ' it helps me when I cant start working']",0.8,2,0.0,1.0,1.0,0.6,1.25,1.3333333333333333
w_0_33,explanations_w/0_33.csv,w,0,33,0.7333333333333333,0.7333333333333333,10,0,2,2,1,5d0e2a06facd7500197a46e3,,False,0.8,"['YES', 'Through videogames and YouTube videos.']",0.5333333333333333,1,0.2,0.8,0.5833333333333334,0.4,0.5,1.0
w_0_34,explanations_w/0_34.csv,w,0,34,0.8,0.9333333333333333,7,5,1,0,2,610d01a193873b5b7f982a4f,,False,0.6,"['YES', 'Through AI image generators']",0.8,-1,0.875,0.125,0.6666666666666666,0.6,0.5,1.0
w_0_35,explanations_w/0_35.csv,w,0,35,0.6666666666666666,0.8,9,2,1,2,1,64e8de5edaead7b68f61e89e,,False,0.6,"['YES', 'Chat GPT', ' Bard - it helps me with SEO']",0.5333333333333333,0,0.5,0.5,0.08333333333333333,-0.4,0.25,0.6666666666666666
w_0_36,explanations_w/0_36.csv,w,0,36,0.7333333333333333,0.6666666666666666,7,1,3,2,2,603ce82991e3f8aed1ffc327,,False,0.8,"['NO', '']",0.8,1,0.375,0.625,0.5,0.2,1.0,0.3333333333333333
w_0_37,explanations_w/0_37.csv,w,0,37,0.8666666666666667,0.7333333333333333,9,2,3,1,0,60fd249c552db1813b4a9c1a,,False,0.7333333333333333,"['YES', 'chat gpt and ai chat bots that companies use for customer service']",1.3333333333333333,1,0.3333333333333333,0.6666666666666666,0.25,-0.2,0.5,0.6666666666666666
w_0_38,explanations_w/0_38.csv,w,0,38,0.7333333333333333,0.7333333333333333,10,0,2,2,1,6018104f6a788baf8df05e3f,,False,0.8,"['YES', 'I use it sometimes for college assignments']",0.6666666666666666,0,0.2,0.8,0.6666666666666666,0.4,1.25,0.3333333333333333
w_0_39,explanations_w/0_39.csv,w,0,39,0.6666666666666666,0.9333333333333333,9,2,0,1,3,61453102f1a4a04ad2d84ddb,,False,0.7333333333333333,"['YES', 'Yes', ' I use ChatGPT']",0.3333333333333333,0,0.8333333333333334,0.16666666666666666,0.8333333333333334,0.8,1.0,0.6666666666666666
w_0_40,explanations_w/0_40.csv,w,0,40,0.7333333333333333,0.7333333333333333,10,1,2,2,0,611f6757f935f97babc092c5,,False,0.6666666666666666,"['NO', '']",0.8,0,0.2,0.8,0.3333333333333333,0.2,0.5,0.3333333333333333
w_0_41,explanations_w/0_41.csv,w,0,41,0.8666666666666667,0.6,8,1,4,2,0,6155e5fbf44677ab2835421d,,False,0.8,"['YES', 'chat gpt']",0.8,2,0.14285714285714285,0.8571428571428571,0.75,0.4,1.0,1.0
w_0_42,explanations_w/0_42.csv,w,0,42,0.8666666666666667,0.8666666666666667,9,4,2,0,0,60d48f03016a93428e089fdd,,False,0.6,"['YES', 'Chat GPT']",0.6666666666666666,1,0.6666666666666666,0.3333333333333333,0.8333333333333334,1.0,1.0,0.3333333333333333
w_0_43,explanations_w/0_43.csv,w,0,43,0.8,0.8,11,0,2,1,1,64527487b51c06c5116c27e7,,False,0.8666666666666667,"['NO', '']",0.8666666666666667,2,0.25,0.75,-0.75,-0.8,-0.75,-0.6666666666666666
w_0_44,explanations_w/0_44.csv,w,0,44,0.8,0.6666666666666666,8,2,3,2,0,6131d47f12fba480f3a5b75e,,False,0.6666666666666666,"['YES', 'Virtual platforms']",0.8,2,0.2857142857142857,0.7142857142857143,0.5833333333333334,0.2,0.75,1.0
w_0_45,explanations_w/0_45.csv,w,0,45,0.7333333333333333,1.0,12,0,0,0,3,613ca0a2040055a4e87c5d71,,False,0.9333333333333333,"['YES', 'Chatbots']",0.2,2,1.0,0.0,1.9166666666666667,1.8,2.0,2.0
w_0_46,explanations_w/0_46.csv,w,0,46,0.8666666666666667,0.8666666666666667,11,1,2,0,1,61127b4ee0fc6aac8d202a6d,,False,0.8666666666666667,"['YES', 'I used chatGPT to improve my paragraph and it was amazing']",0.7333333333333333,2,0.5,0.5,1.25,0.8,1.5,1.6666666666666667
w_0_47,explanations_w/0_47.csv,w,0,47,0.6,0.6,9,0,2,4,0,6111875ad5dd629cdf90a8db,,False,0.6,"['YES', 'using chatgpt']",0.6666666666666666,0,0.0,1.0,0.4166666666666667,0.4,0.0,1.0
w_0_48,explanations_w/0_48.csv,w,0,48,0.6,0.6,8,1,2,4,0,5f84a8fac99e281425c14cc0,,False,0.5333333333333333,"['NO', '']",0.6666666666666666,2,0.14285714285714285,0.8571428571428571,0.5,0.8,0.25,0.3333333333333333
w_0_49,explanations_w/0_49.csv,w,0,49,0.7333333333333333,0.8666666666666667,8,3,1,1,2,611d915e0221f79080da2884,,False,0.6666666666666666,"['YES', 'yes']",0.7333333333333333,1,0.7142857142857143,0.2857142857142857,0.9166666666666666,0.8,0.75,1.3333333333333333
w_0_50,explanations_w/0_50.csv,w,0,50,0.9333333333333333,0.8,12,0,3,0,0,60b880518b31da36270782eb,,False,0.9333333333333333,"['YES', 'I use AI everyday']",0.8666666666666667,2,0.0,1.0,0.8333333333333334,0.2,1.5,1.0
w_0_51,explanations_w/0_51.csv,w,0,51,0.7333333333333333,0.8666666666666667,11,0,1,1,2,60cb3a3e82065e2f9dcdd8e7,,False,0.8666666666666667,"['YES', 'I use it frequently when studying and making notes on Notion.']",0.7333333333333333,2,0.5,0.5,0.6666666666666666,0.6,0.5,1.0
w_0_52,explanations_w/0_52.csv,w,0,52,0.6666666666666666,0.8,8,3,1,2,1,60db17c94bfd0c306f2af90b,,False,0.5333333333333333,"['NO', '']",0.6666666666666666,1,0.5714285714285714,0.42857142857142855,0.0,-0.4,-0.25,1.0
w_0_53,explanations_w/0_53.csv,w,0,53,0.7333333333333333,0.8666666666666667,8,4,1,1,1,6079f514cefb222b83b00af3,,False,0.5333333333333333,"['NO', '']",0.6,1,0.7142857142857143,0.2857142857142857,0.8333333333333334,1.2,0.5,0.6666666666666666
w_0_54,explanations_w/0_54.csv,w,0,54,0.8666666666666667,0.8666666666666667,12,1,2,0,0,64137cf15dfe79e9ff198054,,False,0.8,"['YES', 'Used ChatGPT']",0.9333333333333333,2,0.3333333333333333,0.6666666666666666,0.75,0.6,0.75,1.0
w_0_56,explanations_w/0_56.csv,w,0,56,0.6666666666666666,0.8,10,1,1,2,1,5f9728620ba3c60aaac0f1f4,,False,0.6666666666666666,"['YES', 'Sometimes I use Chatgpt to help me with some sort of inspiration to write texts.']",0.8,1,0.4,0.6,-0.25,-0.4,0.0,-0.3333333333333333
w_0_57,explanations_w/0_57.csv,w,0,57,0.8,0.8,11,1,2,1,0,60c11f097cf8862b2eb43f12,,False,0.7333333333333333,"['NO', '']",0.7333333333333333,0,0.25,0.75,-0.25,-0.4,0.0,-0.3333333333333333
w_0_58,explanations_w/0_58.csv,w,0,58,0.6,0.6,9,0,2,4,0,5d17cb83686b190015ea4589,,False,0.6,"['YES', 'GPT chat']",0.6666666666666666,1,0.0,1.0,-1.75,-2.0,-2.0,-1.0
w_0_59,explanations_w/0_59.csv,w,0,59,0.8,0.8,11,1,2,1,0,5faf011a66843311e985e4c3,,False,0.7333333333333333,"['YES', 'mostly from chat gpt']",0.8,1,0.25,0.75,-0.16666666666666666,-0.4,0.75,-1.0
w_0_60,explanations_w/0_60.csv,w,0,60,0.6666666666666666,0.6666666666666666,8,2,1,3,1,605d56dccec395886e04ec4b,,False,0.5333333333333333,"['NO', '']",0.6,1,0.42857142857142855,0.5714285714285714,0.9166666666666666,1.4,0.5,0.6666666666666666
w_0_61,explanations_w/0_61.csv,w,0,61,0.8,0.9333333333333333,11,2,1,0,1,5ca1219cb8bd89001224e1d8,,False,0.7333333333333333,"['YES', 'chat gpt and other equivalent ai tools']",0.3333333333333333,1,0.75,0.25,0.3333333333333333,-0.2,1.0,0.3333333333333333
w_0_62,explanations_w/0_62.csv,w,0,62,0.7333333333333333,0.6,9,0,3,3,0,5cb24e70c29be80001b13c80,,False,0.7333333333333333,"['YES', 'AI chat bots']",0.8,1,0.0,1.0,1.0,1.0,1.0,1.0
w_0_63,explanations_w/0_63.csv,w,0,63,0.7333333333333333,0.8666666666666667,9,2,1,1,2,601452716515751ad24690f9,,False,0.7333333333333333,"['NO', '']",0.6,1,0.6666666666666666,0.3333333333333333,0.6666666666666666,0.6,1.0,0.3333333333333333
w_0_64,explanations_w/0_64.csv,w,0,64,0.6666666666666666,0.5333333333333333,7,1,3,4,0,5f3d7b3310ad88134a27f2c7,,False,0.6,"['NO', '']",0.8,2,0.125,0.875,1.0,1.0,0.75,1.3333333333333333
w_0_65,explanations_w/0_65.csv,w,0,65,0.6666666666666666,0.5333333333333333,8,0,3,4,0,63d173552e25a21cf3a39ea9,,False,0.6666666666666666,"['YES', 'CHAT BOTS']",0.6666666666666666,0,0.0,1.0,0.8333333333333334,0.8,1.0,0.6666666666666666
w_0_66,explanations_w/0_66.csv,w,0,66,0.7333333333333333,0.6,8,1,3,3,0,5e75329210ac300a26c58065,,False,0.6666666666666666,"['YES', 'Using ChatGPT']",0.4666666666666667,0,0.14285714285714285,0.8571428571428571,0.16666666666666666,0.0,0.25,0.3333333333333333
w_0_67,explanations_w/0_67.csv,w,0,67,0.6,0.6,10,0,2,3,0,5d1f3d627b511000196644c2,,False,0.6666666666666666,"['NO', '']",0.0,1,0.0,1.0,0.08333333333333333,-0.2,0.75,-0.3333333333333333
w_0_68,explanations_w/0_68.csv,w,0,68,0.8,0.8,10,2,2,1,0,5c8975103e93bf0001e16473,,False,0.6666666666666666,"['YES', 'chatGPT']",0.6666666666666666,1,0.4,0.6,-0.08333333333333333,-0.8,0.5,0.3333333333333333
w_0_69,explanations_w/0_69.csv,w,0,69,0.6666666666666666,0.8,10,1,1,2,1,615c83a68ed14f8fcb58f0c7,,False,0.6666666666666666,"['YES', 'Through varsity']",0.5333333333333333,0,0.4,0.6,0.3333333333333333,0.2,0.75,0.0
w_0_70,explanations_w/0_70.csv,w,0,70,0.7333333333333333,0.7333333333333333,10,0,2,2,1,5df416a57bf5722f9a501255,,False,0.8,"['YES', 'I do a lot of chatbot training for work and have used AI chatbots occasionally such as ChatGPT to help with various things.']",0.8,1,0.2,0.8,-0.3333333333333333,-0.8,0.25,-0.3333333333333333
w_0_71,explanations_w/0_71.csv,w,0,71,0.8,0.6666666666666666,9,1,3,2,0,636566a30bd14537d40df57a,,False,0.7333333333333333,"['YES', 'From what I have seen in the media']",0.8,0,0.16666666666666666,0.8333333333333334,0.08333333333333333,-0.4,0.5,0.3333333333333333
w_0_72,explanations_w/0_72.csv,w,0,72,0.9333333333333333,0.8,11,1,3,0,0,64ecd34cb2a8b9bef9c78e6e,,False,0.8666666666666667,"['YES', ""I'm a computer science graduate"", "" I'm familiar with AI from some courses during my degree. As well as some minor work"", "" I've done with neural networks for recognizing objects in images and videos.""]",0.6666666666666666,1,0.25,0.75,-1.0,-1.2,-1.25,-0.3333333333333333
w_0_73,explanations_w/0_73.csv,w,0,73,0.4666666666666667,0.7333333333333333,11,0,0,4,0,5eea2a70bff1be0da1efd564,,False,0.4666666666666667,"['YES', ""I've in contact with AI thrugh chatbots"", ' voice assistance', ' etc']",0.5333333333333333,1,0.0,1.0,-0.16666666666666666,-0.8,0.25,0.3333333333333333
w_0_74,explanations_w/0_74.csv,w,0,74,0.6666666666666666,0.6666666666666666,9,1,2,3,0,60252b168d445b2c7efd6c32,,False,0.6,"['YES', 'University']",0.4,1,0.16666666666666666,0.8333333333333334,1.1666666666666667,1.4,1.0,1.0
w_0_75,explanations_w/0_75.csv,w,0,75,0.9333333333333333,0.8,12,0,3,0,0,5ee24db25079946d034e6a37,,False,0.9333333333333333,"['YES', 'Through my work', ' in college and also ChatGPT']",1.0,2,0.0,1.0,-0.08333333333333333,-0.6,0.5,0.0
w_0_76,explanations_w/0_76.csv,w,0,76,0.6,0.7333333333333333,9,2,1,3,0,61577fbbc195adfb13f6c45f,,False,0.4666666666666667,"['NO', '']",0.6666666666666666,1,0.3333333333333333,0.6666666666666666,0.25,-0.2,0.75,0.3333333333333333
w_0_77,explanations_w/0_77.csv,w,0,77,0.5333333333333333,0.6666666666666666,7,1,1,4,2,61728ef64f9f3205fd190c75,,False,0.6,"['YES', 'through openAI']",0.6,0,0.375,0.625,-0.3333333333333333,-0.8,0.25,-0.3333333333333333
w_0_78,explanations_w/0_78.csv,w,0,78,0.8666666666666667,0.7333333333333333,10,0,3,1,1,5db0c396ff30f700136bc805,,False,0.9333333333333333,"['YES', 'I listen to AI covers on youtube daily']",0.8,0,0.2,0.8,-0.6666666666666666,-0.2,-1.0,-1.0
w_1_0,explanations_w/1_0.csv,w,1,0,0.8666666666666667,0.7333333333333333,0,0,0,0,0,60fba1203c2b32708cb239ef,,True,,"['YES', 'Bixby on samsung devices', ' content recommendations on streaming platforms like netflix and youtube', ' fraud detection systems in banking']",0.9333333333333333,2,0.0,0.0,1.0,0.2,2.0,1.0
w_1_1,explanations_w/1_1.csv,w,1,1,0.9333333333333333,0.8,0,0,0,0,0,5a5c0728ac5624000153f533,,True,,"['YES', 'yes']",0.7333333333333333,1,0.0,0.0,-0.9166666666666666,-1.2,-0.75,-0.6666666666666666
w_1_2,explanations_w/1_2.csv,w,1,2,0.6666666666666666,0.8,0,0,0,0,0,6086544064ba18714a5fc834,,True,,"['YES', 'work and personal projects']",0.8666666666666667,2,0.0,0.0,1.1666666666666667,1.0,1.5,1.0
w_1_3,explanations_w/1_3.csv,w,1,3,0.6,0.7333333333333333,0,0,0,0,0,6144fbdbf47ffef663e96440,,True,,"['YES', 'firstly learned of it from a prolific study and went on to use it for an assignment of my grandchild']",0.6666666666666666,1,0.0,0.0,0.9166666666666666,0.6,1.25,1.0
w_1_4,explanations_w/1_4.csv,w,1,4,0.7333333333333333,0.8666666666666667,0,0,0,0,0,5f5729f8eb21501a1a407330,,True,,"['NO', '']",0.8,1,0.0,0.0,1.3333333333333333,0.6,1.75,2.0
w_1_5,explanations_w/1_5.csv,w,1,5,0.8666666666666667,0.8666666666666667,0,0,0,0,0,5f4f5fa9cb9a39000c600ad3,,True,,"['NO', '']",0.6666666666666666,1,0.0,0.0,0.5,0.2,1.0,0.3333333333333333
w_1_6,explanations_w/1_6.csv,w,1,6,0.8,0.8,0,0,0,0,0,5c181274cbe760000142ed4b,,True,,"['NO', '']",0.9333333333333333,1,0.0,0.0,0.0,0.0,0.0,0.0
w_1_7,explanations_w/1_7.csv,w,1,7,0.6,0.6,0,0,0,0,0,5ba932a360f3d500016a20a0,,True,,"['YES', 'chatgpt']",0.5333333333333333,1,0.0,0.0,0.4166666666666667,0.6,0.75,-0.3333333333333333
w_1_8,explanations_w/1_8.csv,w,1,8,0.6666666666666666,0.4,0,0,0,0,0,60a6a11d636018212d08aa45,,True,,"['YES', 'CHAT GPT AND VOCAL ISOLATION IN MUSIC PRODUCTION']",0.6666666666666666,-1,0.0,0.0,-0.75,-1.0,-1.0,0.0
w_1_9,explanations_w/1_9.csv,w,1,9,0.7333333333333333,0.6,0,0,0,0,0,61248cf0f050d7da074abad1,,True,,"['YES', 'Yes I have']",0.6,1,0.0,0.0,0.16666666666666666,0.2,0.0,0.3333333333333333
w_1_10,explanations_w/1_10.csv,w,1,10,0.7333333333333333,0.7333333333333333,0,0,0,0,0,60717e12499498909e4883f1,,True,,"['YES', 'sometimes more like in tests with Chat GPT']",0.4666666666666667,-1,0.0,0.0,-0.8333333333333334,-0.8,-0.5,-1.3333333333333333
w_1_12,explanations_w/1_12.csv,w,1,12,0.6666666666666666,0.8,0,0,0,0,0,614ee2c8981e84c3a9ada29b,,True,,"['NO', '']",0.6666666666666666,2,0.0,0.0,0.16666666666666666,-0.6,0.5,1.0
w_1_13,explanations_w/1_13.csv,w,1,13,0.8666666666666667,0.8666666666666667,0,0,0,0,0,649da3ed50af5df3e264fe9d,,True,,"['YES', 'Its everywhere. Mostly of times with apps from smartphone. Can use Ai for a lot things. But important mention that AI still learning..']",0.7333333333333333,1,0.0,0.0,0.8333333333333334,0.8,0.75,1.0
w_1_14,explanations_w/1_14.csv,w,1,14,0.8,0.6666666666666666,0,0,0,0,0,642b57966961a0b20873326b,,True,,"['YES', 'trying to use Chat GPT to answer work questions', ' doing surveys like this one asking me to evaluate AI generated images']",0.6666666666666666,0,0.0,0.0,-1.3333333333333333,-2.0,-1.0,-0.6666666666666666
w_1_15,explanations_w/1_15.csv,w,1,15,0.8666666666666667,0.7333333333333333,0,0,0,0,0,611d5c97b1a515f29481b1a9,,True,,"['YES', 'Through ChatGPT']",0.8666666666666667,2,0.0,0.0,0.5,0.2,1.0,0.3333333333333333
w_1_16,explanations_w/1_16.csv,w,1,16,0.9333333333333333,0.8,0,0,0,0,0,615e056d45156d8d481b5856,,True,,"['YES', 'Chatgtp someone recommended it']",0.6,2,0.0,0.0,-0.5833333333333334,-2.0,1.0,-0.3333333333333333
w_1_17,explanations_w/1_17.csv,w,1,17,0.6,0.6,0,0,0,0,0,616ea07fcb3f9d9971351c39,,True,,"['YES', 'Workplace']",0.3333333333333333,1,0.0,0.0,0.9166666666666666,1.0,0.75,1.0
w_1_18,explanations_w/1_18.csv,w,1,18,0.6666666666666666,0.9333333333333333,0,0,0,0,0,6130e7fbab76b9d373330912,,True,,"['NO', '']",0.6666666666666666,2,0.0,0.0,1.0833333333333333,1.0,1.0,1.3333333333333333
w_1_19,explanations_w/1_19.csv,w,1,19,0.7333333333333333,0.6,0,0,0,0,0,60fae2708e5c7da113b61825,,True,,"['YES', 'have used AI to help me with assignments']",0.8666666666666667,2,0.0,0.0,0.5833333333333334,0.4,0.75,0.6666666666666666
w_1_20,explanations_w/1_20.csv,w,1,20,0.7333333333333333,0.7333333333333333,0,0,0,0,0,5b9ca1197b196f000195620c,,True,,"['YES', 'Using a lot of diferent sites that use AI and reading a lot of papers about AI']",0.6666666666666666,1,0.0,0.0,0.0,0.0,0.25,-0.3333333333333333
w_1_21,explanations_w/1_21.csv,w,1,21,0.8666666666666667,0.7333333333333333,0,0,0,0,0,60d4593b33c9ebb85ae96a4c,,True,,"['YES', 'I heard about ChatGPT on the internet and tried it out myself']",0.6666666666666666,0,0.0,0.0,0.9166666666666666,0.4,1.5,1.0
w_1_22,explanations_w/1_22.csv,w,1,22,0.6,0.7333333333333333,0,0,0,0,0,6169b9bebf7944c982570066,,True,,"['YES', 'I am using some of the applications of AI at work.']",0.5333333333333333,1,0.0,0.0,0.8333333333333334,0.8,1.0,0.6666666666666666
w_1_23,explanations_w/1_23.csv,w,1,23,0.8,0.6666666666666666,0,0,0,0,0,615749fdd6986ebfdcdc1d65,,True,,"['YES', 'Through chatGBT']",0.8666666666666667,1,0.0,0.0,-0.5833333333333334,-1.2,-0.25,0.0
w_1_24,explanations_w/1_24.csv,w,1,24,0.8,0.5333333333333333,0,0,0,0,0,5c8a87e6b828c80001deabc2,,True,,"['NO', '']",0.8,1,0.0,0.0,0.08333333333333333,-0.2,0.5,0.0
w_1_25,explanations_w/1_25.csv,w,1,25,0.7333333333333333,1.0,0,0,0,0,0,611cf0fcb571ffef2625d948,,True,,"['YES', 'Chat gpt']",0.5333333333333333,2,0.0,0.0,0.9166666666666666,0.4,1.0,1.6666666666666667
w_1_26,explanations_w/1_26.csv,w,1,26,0.8666666666666667,0.7333333333333333,0,0,0,0,0,5e9c3ff1cf719d151612648f,,True,,"['NO', '']",0.6666666666666666,1,0.0,0.0,-0.25,-0.4,-0.5,0.3333333333333333
w_1_27,explanations_w/1_27.csv,w,1,27,0.6666666666666666,0.6666666666666666,0,0,0,0,0,5ce9761ed439ae001a596488,,True,,"['YES', 'Online and through learning about the topic in my spare time']",0.2,2,0.0,0.0,-0.9166666666666666,-1.0,-1.0,-0.6666666666666666
w_1_30,explanations_w/1_30.csv,w,1,30,0.8666666666666667,0.8666666666666667,0,0,0,0,0,60ebf19742e81b0250c0f20a,,True,,"['NO', '']",0.8,1,0.0,0.0,0.75,0.8,0.75,0.6666666666666666
w_1_31,explanations_w/1_31.csv,w,1,31,0.6666666666666666,0.6666666666666666,0,0,0,0,0,60ec0b638c0357cc5aaa7ef9,,True,,"['YES', 'I have come in contact with AI when doing my assignment ( ChatGPT)']",0.8666666666666667,1,0.0,0.0,-0.3333333333333333,-1.0,0.25,0.0
w_1_32,explanations_w/1_32.csv,w,1,32,0.8666666666666667,0.7333333333333333,0,0,0,0,0,6127ae90d4e84d4658a04b7d,,True,,"['YES', 'Chatbots']",0.26666666666666666,0,0.0,0.0,0.8333333333333334,0.4,1.25,1.0
w_1_33,explanations_w/1_33.csv,w,1,33,0.6666666666666666,0.6666666666666666,0,0,0,0,0,61406ea90cf37a9aebf6b585,,True,,"['YES', 'Internet', ' Social Media videos and articles']",0.8,1,0.0,0.0,-0.5833333333333334,-0.6,-0.75,-0.3333333333333333
w_1_34,explanations_w/1_34.csv,w,1,34,0.8,0.8,0,0,0,0,0,5f973544373a810cfca320f7,,True,,"['NO', '']",0.8,-1,0.0,0.0,-0.16666666666666666,-0.4,0.0,0.0
w_1_35,explanations_w/1_35.csv,w,1,35,0.6,0.3333333333333333,0,0,0,0,0,5cc84366e11d6b001800cc3c,,True,,"['NO', '']",0.3333333333333333,2,0.0,0.0,-0.8333333333333334,-1.0,-1.25,0.0
w_1_36,explanations_w/1_36.csv,w,1,36,0.8666666666666667,0.7333333333333333,0,0,0,0,0,6113e1b88d188e349587ca57,,True,,"['YES', 'ChatGPT', ' as well as grammarly for helping me with my work']",0.8666666666666667,2,0.0,0.0,0.08333333333333333,-0.8,0.5,1.0
w_1_37,explanations_w/1_37.csv,w,1,37,0.7333333333333333,0.7333333333333333,0,0,0,0,0,600ef6eb3bed2d01e87ea82e,,True,,"['YES', 'I use ChatGPT 4 daily.']",0.8666666666666667,-1,0.0,0.0,0.6666666666666666,0.2,1.0,1.0
w_1_38,explanations_w/1_38.csv,w,1,38,0.7333333333333333,1.0,0,0,0,0,0,615447995b2413d295f720bf,,True,,"['NO', '']",1.0,1,0.0,0.0,0.8333333333333334,0.6,1.0,1.0
w_1_39,explanations_w/1_39.csv,w,1,39,0.7333333333333333,0.8666666666666667,0,0,0,0,0,5f54e8b489382806cd01c2cb,,True,,"['YES', 'I needed help at work']",0.6666666666666666,0,0.0,0.0,0.0,-0.2,0.0,0.3333333333333333
w_1_40,explanations_w/1_40.csv,w,1,40,0.7333333333333333,1.0,0,0,0,0,0,6166dab6703c96b787944f15,,True,,"['YES', 'I have used ChatGPT']",1.0,1,0.0,0.0,0.25,-0.2,0.5,0.6666666666666666
w_1_41,explanations_w/1_41.csv,w,1,41,0.6666666666666666,0.6666666666666666,0,0,0,0,0,60e81342fbceb05029e8f5d9,,True,,"['YES', 'by doing school work']",0.5333333333333333,1,0.0,0.0,0.4166666666666667,0.4,0.25,0.6666666666666666
w_1_42,explanations_w/1_42.csv,w,1,42,0.4666666666666667,0.6,0,0,0,0,0,615ad004710553aba70fd89a,,True,,"['YES', 'Through the internet']",0.7333333333333333,2,0.0,0.0,0.5833333333333334,0.2,0.75,1.0
w_1_43,explanations_w/1_43.csv,w,1,43,0.6666666666666666,0.6666666666666666,0,0,0,0,0,64f367e425e0985a9cfeee85,,True,,"['YES', 'I am a computer science student', ' so I have a big interest in that field.']",0.6666666666666666,0,0.0,0.0,1.0,0.6,1.5,1.0
w_1_44,explanations_w/1_44.csv,w,1,44,0.6,0.3333333333333333,0,0,0,0,0,5f9aeb04901ce62720fc6838,,True,,"['NO', '']",0.5333333333333333,1,0.0,0.0,0.0,0.2,0.25,-0.6666666666666666
w_1_45,explanations_w/1_45.csv,w,1,45,0.5333333333333333,0.8,0,0,0,0,0,6081bf50562880127b418614,,True,,"['YES', 'through various applications such as chat gpt']",0.5333333333333333,1,0.0,0.0,0.16666666666666666,-0.2,0.5,0.3333333333333333
w_1_46,explanations_w/1_46.csv,w,1,46,0.8,0.8,0,0,0,0,0,612c01a35b9b56e42cd7dc17,,True,,"['YES', 'A friend told me about it.']",0.8,-1,0.0,0.0,0.4166666666666667,0.0,0.75,0.6666666666666666
w_1_47,explanations_w/1_47.csv,w,1,47,0.7333333333333333,0.7333333333333333,0,0,0,0,0,60faab6f9d9a835ba3b8327f,,True,,"['YES', 'i have used chatGPT']",0.5333333333333333,1,0.0,0.0,2.0,2.0,2.0,2.0
w_1_48,explanations_w/1_48.csv,w,1,48,0.8,0.8,0,0,0,0,0,605b45ef5df272b838aa2f66,,True,,"['NO', '']",0.8,0,0.0,0.0,-0.5,-0.8,-0.25,-0.3333333333333333
w_1_49,explanations_w/1_49.csv,w,1,49,0.4,0.4,0,0,0,0,0,64e2201f13521d06715dbadf,,True,,"['YES', 'A plethora of online sources']",0.0,1,0.0,0.0,-2.0,-2.0,-2.0,-2.0
w_1_50,explanations_w/1_50.csv,w,1,50,0.8,0.8,0,0,0,0,0,5d20e62eacb3e5001ae38d05,,True,,"['YES', ""I'm interested in Technology. I've tried ChatGPT"", ' DeepFake and other voice-based solutions']",0.8,-1,0.0,0.0,0.25,-0.4,1.0,0.3333333333333333
w_1_51,explanations_w/1_51.csv,w,1,51,0.6666666666666666,0.9333333333333333,0,0,0,0,0,613f59d7f0f631a278aca6e8,,True,,"['YES', 'ChatGPT']",0.6666666666666666,0,0.0,0.0,0.4166666666666667,-0.2,1.0,0.6666666666666666
w_1_52,explanations_w/1_52.csv,w,1,52,0.7333333333333333,0.7333333333333333,0,0,0,0,0,60979b540a2cf2468fde514b,,True,,"['YES', 'In surveys about AI and some texts written by AI']",0.6,-1,0.0,0.0,-1.0,-1.2,-0.5,-1.3333333333333333
w_1_54,explanations_w/1_54.csv,w,1,54,0.6,0.8666666666666667,0,0,0,0,0,613a6a0858734fc4aa745ca9,,True,,"['NO', '']",0.8666666666666667,1,0.0,0.0,0.6666666666666666,0.0,1.5,0.6666666666666666
w_1_55,explanations_w/1_55.csv,w,1,55,0.7333333333333333,0.7333333333333333,0,0,0,0,0,5a725c66f1530b000103dd16,,True,,"['YES', ""I've been using AI image generators testing them.""]",0.8,1,0.0,0.0,-0.08333333333333333,-0.6,0.5,0.0
w_1_56,explanations_w/1_56.csv,w,1,56,0.8,0.6666666666666666,0,0,0,0,0,5ee288b1bd4b2a3ee570c167,,True,,"['YES', 'ChatGPT']",0.8666666666666667,2,0.0,0.0,-0.16666666666666666,-1.2,0.75,0.3333333333333333
w_1_57,explanations_w/1_57.csv,w,1,57,0.7333333333333333,0.6,0,0,0,0,0,60d3628cbc1c117325d14e01,,True,,"['YES', ""I'm listening podcasts and using some tools""]",0.26666666666666666,-2,0.0,0.0,-1.3333333333333333,-1.6,-0.5,-2.0
w_1_58,explanations_w/1_58.csv,w,1,58,0.8,0.9333333333333333,0,0,0,0,0,603d7ba0ecb86cc51ed2e12c,,True,,"['YES', 'In every day life activities', ' specially at costumer service.']",0.8666666666666667,0,0.0,0.0,0.6666666666666666,0.2,1.0,1.0
w_1_59,explanations_w/1_59.csv,w,1,59,0.8,0.8,0,0,0,0,0,613f7a81b6f0de02546ee05a,,True,,"['YES', ""I've come across it in surveys""]",0.4666666666666667,1,0.0,0.0,-0.3333333333333333,-0.8,0.25,-0.3333333333333333
w_1_60,explanations_w/1_60.csv,w,1,60,0.6666666666666666,0.6666666666666666,0,0,0,0,0,5f806bf37f20b20843d5e9ce,,True,,"['YES', 'At work and in prior studies like these']",0.4666666666666667,1,0.0,0.0,0.08333333333333333,-0.4,0.5,0.3333333333333333
w_1_61,explanations_w/1_61.csv,w,1,61,0.8,0.6666666666666666,0,0,0,0,0,5beaf5c1ca3a1a0001823677,,True,,"['YES', 'Via Internet']",0.6666666666666666,1,0.0,0.0,-0.08333333333333333,-0.4,0.0,0.3333333333333333
w_1_62,explanations_w/1_62.csv,w,1,62,0.6,0.4666666666666667,0,0,0,0,0,60cf7a91648bda719c06e9f0,,True,,"['NO', '']",0.3333333333333333,1,0.0,0.0,-0.5,-0.8,-0.25,-0.3333333333333333
w_1_63,explanations_w/1_63.csv,w,1,63,0.8,0.8,0,0,0,0,0,64eb7b24ab6c4b9a60eefd85,,True,,"['YES', 'Recently', ' I have been using the online platform of ChatGPT to generate compelling short written contents for projects that I am undertaking. Another way I have come across AI is through my pursuit for undertaking tasks for Micro-tasking websites.']",0.8,-1,0.0,0.0,1.3333333333333333,1.2,1.5,1.3333333333333333
w_1_64,explanations_w/1_64.csv,w,1,64,0.8666666666666667,0.7333333333333333,0,0,0,0,0,60eda0f9b4a90f3e0e4a2ae4,,True,,"['NO', '']",0.6666666666666666,1,0.0,0.0,-0.8333333333333334,-1.6,-0.5,0.0
w_1_65,explanations_w/1_65.csv,w,1,65,0.4666666666666667,0.6,0,0,0,0,0,634d738128d6bd62fefa7eb5,,True,,"['YES', 'I tried out ChatGPT']",0.6666666666666666,2,0.0,0.0,-0.3333333333333333,-0.6,0.25,-0.6666666666666666
w_1_66,explanations_w/1_66.csv,w,1,66,0.6,0.6,0,0,0,0,0,613e65aa18049c2251345c3f,,True,,"['YES', 'Sometimes I use open AI', ' also I love reading news about it and getting to know more about it']",0.2,1,0.0,0.0,0.0,-0.8,0.5,0.6666666666666666
w_1_67,explanations_w/1_67.csv,w,1,67,0.8,0.8,0,0,0,0,0,5f4d9fd95fe13b0367cf7b32,,True,,"['YES', 'I tried chatbots and I followed lessons about Ai at university']",0.9333333333333333,1,0.0,0.0,-0.25,-1.4,0.25,1.0
w_1_68,explanations_w/1_68.csv,w,1,68,0.6666666666666666,0.8,0,0,0,0,0,64a28867d563defa33ac8d58,,True,,"['YES', 'Yes']",0.4666666666666667,2,0.0,0.0,1.8333333333333333,2.0,2.0,1.3333333333333333
w_1_69,explanations_w/1_69.csv,w,1,69,0.7333333333333333,0.7333333333333333,0,0,0,0,0,5f3fcd7c2de32d06ac4f5197,,True,,"['YES', 'I know various types of AI but never actually have used them']",0.6666666666666666,1,0.0,0.0,0.16666666666666666,-0.2,0.25,0.6666666666666666
w_1_70,explanations_w/1_70.csv,w,1,70,0.7333333333333333,1.0,0,0,0,0,0,5eab0ffdc1324e0bd57776c6,,True,,"['NO', '']",1.0,1,0.0,0.0,0.75,0.6,1.0,0.6666666666666666
w_1_71,explanations_w/1_71.csv,w,1,71,0.6666666666666666,0.5333333333333333,0,0,0,0,0,5f1398cfb075423b3da590ce,,True,,"['YES', 'I have use AI tools to assist me in several tasks such as code writing and grammar checks.']",0.4666666666666667,1,0.0,0.0,0.16666666666666666,0.0,0.25,0.3333333333333333
w_1_72,explanations_w/1_72.csv,w,1,72,0.7333333333333333,0.7333333333333333,0,0,0,0,0,64e0a718161c807a1f172ae6,,True,,"['NO', '']",0.0,1,0.0,0.0,-1.25,-1.4,-1.0,-1.3333333333333333
w_1_73,explanations_w/1_73.csv,w,1,73,0.7333333333333333,0.7333333333333333,0,0,0,0,0,57fe95355f9dd40001855e6a,,True,,"['YES', 'I have used some AI casually and as part of my work routine.']",0.6666666666666666,-1,0.0,0.0,-0.6666666666666666,-0.8,-0.5,-0.6666666666666666
w_1_74,explanations_w/1_74.csv,w,1,74,0.8666666666666667,0.7333333333333333,0,0,0,0,0,6447feb9e3129031e77428b7,,True,,"['YES', 'chatgpt etc.']",0.5333333333333333,-1,0.0,0.0,-1.5,-0.8,-2.0,-2.0
w_1_75,explanations_w/1_75.csv,w,1,75,0.7333333333333333,0.7333333333333333,0,0,0,0,0,60eef7de7fbae0b24bae2a84,,True,,"['NO', '']",0.4666666666666667,0,0.0,0.0,0.25,0.2,0.25,0.3333333333333333
w_1_76,explanations_w/1_76.csv,w,1,76,0.8,0.6666666666666666,0,0,0,0,0,613f8d6600a918d57f57908b,,True,,"['YES', 'Chat GPT']",0.6666666666666666,1,0.0,0.0,0.08333333333333333,-0.4,0.0,1.0
w_1_77,explanations_w/1_77.csv,w,1,77,0.8,0.8,0,0,0,0,0,5d0aa9aa5047d20018b8490d,,True,,"['YES', 'I have some works where AI is applied in medical images diagnostics']",0.6666666666666666,1,0.0,0.0,-0.3333333333333333,-0.2,-0.25,-0.6666666666666666
w_1_79,explanations_w/1_79.csv,w,1,79,0.8,0.6666666666666666,0,0,0,0,0,6166e78051425fa22de68491,,True,,"['NO', '']",0.7333333333333333,1,0.0,0.0,0.08333333333333333,-0.6,0.25,1.0
